{"llm_query_cost_breakdown": [0, 0.034676500000000006, 0.030247499999999997, 0.032833999999999995, 0.03536449999999999, 0.04192800000000001, 0.036419, 0.043252000000000006, 0.04571049999999999, 0.048273, 0.055946, 0.042319999999999997, 0.044427499999999995, 0.05256599999999999, 0.061149500000000016, 0.04416200000000001, 0.059636999999999996, 0.061835999999999995, 0.042279500000000005, 0.06649000000000002, 0.068791, 0.07914900000000001, 0.08164749999999998, 0.08430400000000002, 0.060171999999999996, 0.0619], "llm_query_time_breakdown": [0.9836628437042236, 42.07669162750244, 29.75451111793518, 28.70215368270874, 30.743175983428955, 33.840940952301025, 31.41748809814453, 29.87704610824585, 34.03385543823242, 37.18930983543396, 33.68403673171997, 34.39803099632263, 25.567543268203735, 43.48902606964111, 50.31849217414856, 21.22972798347473, 52.11516070365906, 47.32556366920471, 17.917790174484253, 53.49964451789856, 57.84926986694336, 31.275867223739624, 59.19485855102539, 92.24982118606567, 20.66810154914856, 54.53330159187317], "llm_query_cost": 1.315482, "llm_query_time": 993.9350719451904}