{"llm_query_cost_breakdown": [0, 0.03470250000000001, 0.033317999999999987, 0.03630600000000001, 0.039212, 0.041856000000000004, 0.0406455, 0.047412, 0.04571449999999999, 0.048245, 0.0506795, 0.05336800000000001, 0.061582, 0.06452399999999998, 0.06749000000000002, 0.070318, 0.06617050000000001, 0.04771600000000001, 0.06412300000000001, 0.05879800000000001, 0.052849999999999994, 0.07913300000000001, 0.08171550000000001, 0.06693, 0.06915750000000001, 0.08952299999999996], "llm_query_time_breakdown": [0.9960219860076904, 39.734394788742065, 32.48158097267151, 31.064494132995605, 31.931069374084473, 33.10676312446594, 29.12971258163452, 34.135833978652954, 30.274396896362305, 38.94958758354187, 28.725908517837524, 45.48288702964783, 48.90573692321777, 33.072118520736694, 59.010517597198486, 46.14252328872681, 52.79022240638733, 44.06782126426697, 65.43008923530579, 50.71531319618225, 19.64015817642212, 60.7039520740509, 63.29368734359741, 50.583871364593506, 56.50387644767761, 64.93916273117065], "llm_query_cost": 1.4114895000000003, "llm_query_time": 1091.8117015361786}