{"llm_query_cost_breakdown": [0, 0.03479050000000001, 0.033201999999999995, 0.036192, 0.03901999999999999, 0.041940000000000005, 0.044758, 0.04749000000000001, 0.05032199999999999, 0.04835499999999999, 0.04043250000000001, 0.04801000000000002, 0.04449350000000001, 0.06453199999999999, 0.06727600000000002, 0.057248000000000014, 0.0526755, 0.04070100000000001, 0.056684500000000006, 0.089186, 0.0453485, 0.054768000000000004, 0.06506849999999999, 0.05841200000000001, 0.0512345, 0.052757], "llm_query_time_breakdown": [1.0042741298675537, 34.64749789237976, 31.597028493881226, 31.054824590682983, 29.932883262634277, 31.670891761779785, 31.184943199157715, 32.95881772041321, 35.714483976364136, 27.211053133010864, 34.24186420440674, 41.42491149902344, 21.982909440994263, 54.40636587142944, 56.40651845932007, 46.60771989822388, 23.08202838897705, 100.53371238708496, 22.881155490875244, 91.74698972702026, 18.460349082946777, 47.42828106880188, 54.386507987976074, 51.79396867752075, 20.27824878692627, 48.02771472930908], "llm_query_cost": 1.264897, "llm_query_time": 1020.6659438610077}