{"llm_query_cost_breakdown": [0, 0.035971500000000003, 0.034831, 0.037815, 0.040921, 0.03603100000000001, 0.042988000000000005, 0.045795999999999996, 0.05319499999999999, 0.045795000000000016, 0.053826000000000006, 0.044838, 0.05929799999999999, 0.05572100000000001, 0.06481800000000001, 0.060927, 0.04161999999999999, 0.06579299999999999, 0.052763000000000004, 0.046611999999999994, 0.073265, 0.08437, 0.08723800000000001, 0.12642399999999998, 0.064117, 0.06618299999999999], "llm_query_time_breakdown": [0.06339192390441895, 43.8495409488678, 33.36370348930359, 38.11840033531189, 36.06531000137329, 26.410582542419434, 32.519370555877686, 31.94287133216858, 39.91279458999634, 27.862351179122925, 46.29257249832153, 34.55424618721008, 31.643292665481567, 46.64623284339905, 53.462403774261475, 49.45925998687744, 19.353291749954224, 59.90291380882263, 51.86071228981018, 19.408518075942993, 57.6417293548584, 66.79134273529053, 61.54391932487488, 107.90563917160034, 55.52234721183777, 58.60226607322693], "llm_query_cost": 1.4211565, "llm_query_time": 1130.699004650116}