{"llm_query_cost_breakdown": [0, 0.035904000000000005, 0.0315325, 0.03091599999999999, 0.040863, 0.04390899999999999, 0.046890999999999995, 0.0362335, 0.053271000000000006, 0.04577199999999999, 0.053716500000000014, 0.050678, 0.035226499999999994, 0.06226449999999999, 0.04505100000000001, 0.060790000000000025, 0.063234, 0.065808, 0.07577850000000003, 0.070716, 0.07312999999999999, 0.0843645, 0.060387, 0.0715215, 0.0736535, 0.066025], "llm_query_time_breakdown": [0.3393590450286865, 45.41105628013611, 35.21264696121216, 32.22108697891235, 38.9356963634491, 40.840744972229004, 42.57612943649292, 25.436427116394043, 36.07641339302063, 36.09663796424866, 32.89407563209534, 43.468499422073364, 27.034672737121582, 46.50699591636658, 34.33791184425354, 35.1004741191864, 57.45056438446045, 44.68869090080261, 51.77941560745239, 57.242748498916626, 81.88434720039368, 56.45801258087158, 51.75377368927002, 61.409539461135864, 59.71280479431152, 52.23662567138672], "llm_query_cost": 1.3776364999999997, "llm_query_time": 1127.105350971222}