{"llm_query_cost_breakdown": [0, 0.0253785, 0.02419, 0.023415000000000002, 0.027379999999999998, 0.028970000000000006, 0.030840000000000006, 0.03227399999999998, 0.03393200000000001, 0.03570800000000001, 0.033833999999999996, 0.03904800000000001, 0.04062800000000001, 0.04222600000000002, 0.043828, 0.04554399999999999, 0.04710400000000001, 0.04871200000000001, 0.050450000000000016, 0.052025999999999996, 0.053578000000000015, 0.055213999999999985, 0.05702600000000001, 0.05855200000000001, 0.06028999999999999, 0.0618705], "llm_query_time_breakdown": [1.0457568168640137, 46.82181167602539, 40.860631227493286, 30.709385633468628, 32.75217914581299, 32.88220024108887, 31.085192918777466, 34.29056930541992, 34.39248180389404, 34.07845115661621, 32.87779784202576, 37.083640575408936, 41.48104405403137, 33.762126207351685, 30.917383432388306, 38.40663456916809, 32.54898762702942, 35.351133584976196, 37.37250876426697, 31.710413217544556, 46.43732023239136, 44.17023968696594, 33.276097536087036, 44.87346434593201, 98.49748396873474, 31.823627710342407], "llm_query_cost": 1.0520180000000001, "llm_query_time": 969.5085632801056}