{"llm_query_cost_breakdown": [0, 0.0253625, 0.024226000000000004, 0.025883999999999997, 0.02742999999999999, 0.029116000000000003, 0.0307065, 0.03225999999999999, 0.035138, 0.03577000000000001, 0.0373745, 0.038792000000000014, 0.040482000000000004, 0.042210000000000004, 0.03970599999999999, 0.045588000000000004, 0.047152000000000006, 0.044275, 0.050337999999999994, 0.05197600000000001, 0.053640000000000014, 0.055150000000000005, 0.05686200000000001, 0.05864200000000001, 0.05449399999999999, 0.06155400000000001], "llm_query_time_breakdown": [1.0936458110809326, 35.43500638008118, 34.078781604766846, 33.81432890892029, 31.27871084213257, 32.76543569564819, 30.210702419281006, 31.521836519241333, 35.547367095947266, 32.609140396118164, 46.06442451477051, 32.68763327598572, 34.40280055999756, 36.53703498840332, 30.93723464012146, 31.148223161697388, 32.60278677940369, 35.19118309020996, 31.798083305358887, 39.08908653259277, 44.554221868515015, 30.71291708946228, 47.27062392234802, 48.37376403808594, 44.60000801086426, 77.15182685852051], "llm_query_cost": 1.0441285, "llm_query_time": 941.476808309555}