{"llm_query_cost_breakdown": [0, 0.025622500000000003, 0.024214000000000003, 0.023524999999999997, 0.027396, 0.02907000000000001, 0.030654000000000008, 0.032319999999999995, 0.030792, 0.035738000000000006, 0.033774, 0.038678000000000004, 0.040428000000000006, 0.042159999999999996, 0.043754, 0.045456, 0.04705000000000001, 0.04879800000000001, 0.045644, 0.051958000000000004, 0.05380200000000002, 0.05000700000000001, 0.056824, 0.058334000000000004, 0.05441000000000001, 0.06169450000000002], "llm_query_time_breakdown": [1.0210940837860107, 37.70495796203613, 31.145444869995117, 27.01441240310669, 31.42705011367798, 33.49783372879028, 33.87161898612976, 32.452847480773926, 26.3831045627594, 33.46494817733765, 29.4779531955719, 34.545830488204956, 32.19897174835205, 31.491370916366577, 33.89909338951111, 31.09616231918335, 34.23396921157837, 32.18337917327881, 38.21749973297119, 30.799350261688232, 43.227417945861816, 40.95916295051575, 32.625550985336304, 46.637316942214966, 45.26424264907837, 85.67760610580444], "llm_query_cost": 1.032103, "llm_query_time": 910.5181903839111}