{"llm_query_cost_breakdown": [0, 0.03352750000000001, 0.022328000000000004, 0.031296, 0.04133600000000002, 0.03627, 0.03003, 0.04139, 0.033864000000000005, 0.030451, 0.032166999999999994, 0.045487, 0.041628, 0.062723, 0.05210499999999999, 0.06819900000000001, 0.049276000000000014, 0.051128, 0.05296, 0.054856, 0.07361599999999999, 0.07611200000000001, 0.06072600000000001, 0.10911300000000002, 0.055061, 0.05668699999999999], "llm_query_time_breakdown": [0.3440530300140381, 33.66581606864929, 20.14832878112793, 25.577879667282104, 30.750266790390015, 26.91646695137024, 19.648704767227173, 25.141331434249878, 29.014090299606323, 15.470487594604492, 33.751280546188354, 23.834487438201904, 38.79831409454346, 50.91519117355347, 23.59505820274353, 54.605518102645874, 49.4274697303772, 20.841330528259277, 47.48680901527405, 54.87573957443237, 29.00239872932434, 60.38196778297424, 53.219605445861816, 104.23531413078308, 18.11423397064209, 51.38115954399109], "llm_query_cost": 1.2423365, "llm_query_time": 941.1433033943176}