{"llm_query_cost_breakdown": [0, 0.030532500000000004, 0.025567000000000006, 0.03819, 0.02980300000000001, 0.040381, 0.04310699999999999, 0.036599000000000007, 0.038815, 0.056740000000000027, 0.04870400000000001, 0.051186, 0.041578, 0.037131, 0.038721, 0.061204000000000015, 0.049212000000000006, 0.08117200000000002, 0.06080499999999999, 0.09533900000000002, 0.10710199999999999, 0.06739900000000001, 0.051695000000000005, 0.07182300000000001, 0.074087, 0.07626699999999999], "llm_query_time_breakdown": [0.5090558528900146, 37.19284224510193, 23.763134002685547, 30.49119234085083, 20.901641845703125, 28.710164308547974, 27.326297521591187, 31.09380030632019, 22.998441457748413, 45.2496383190155, 26.029622077941895, 45.156835079193115, 21.63622736930847, 37.519588232040405, 16.624006748199463, 49.67748403549194, 44.99054932594299, 62.181867837905884, 70.58948040008545, 68.3586905002594, 103.85417175292969, 59.49123001098633, 49.052000761032104, 59.89754867553711, 23.702848434448242, 98.29812002182007], "llm_query_cost": 1.3531595000000003, "llm_query_time": 1105.2964794635773}