{"llm_query_cost_breakdown": [0, 0.0345885, 0.03334999999999999, 0.029602000000000007, 0.0354245, 0.026420000000000006, 0.028183999999999994, 0.025642, 0.040969, 0.038426999999999996, 0.05074549999999999, 0.053384000000000015, 0.05029100000000001, 0.04647700000000001, 0.06107550000000002, 0.05063800000000001, 0.0392905, 0.054711, 0.06402900000000002, 0.07385600000000002, 0.0609595, 0.062973, 0.05661199999999999, 0.09287800000000004, 0.09550399999999996, 0.07100299999999998], "llm_query_time_breakdown": [0.39966893196105957, 35.51571846008301, 30.391825437545776, 25.266749143600464, 29.03778624534607, 18.24225354194641, 18.65801501274109, 16.5269935131073, 30.528184175491333, 26.441157817840576, 29.359673261642456, 42.49410653114319, 43.69196820259094, 22.019662380218506, 48.36773324012756, 46.41437578201294, 17.368576049804688, 50.55007886886597, 51.98610782623291, 73.04972529411316, 54.28052473068237, 53.61569952964783, 20.437026739120483, 98.21243643760681, 66.70074462890625, 56.45010566711426], "llm_query_cost": 1.2770339999999998, "llm_query_time": 1006.0068974494934}