{"llm_query_cost_breakdown": [0, 0.0345745, 0.03314599999999999, 0.03617800000000001, 0.03908599999999999, 0.038023, 0.044893999999999996, 0.038776000000000005, 0.0271965, 0.033478, 0.035432, 0.053350000000000015, 0.038746, 0.04065, 0.0487485, 0.057132, 0.073136, 0.04061100000000001, 0.06413900000000003, 0.058902000000000024, 0.053018, 0.05473600000000001, 0.0482695, 0.06690000000000002, 0.08683650000000001, 0.06185], "llm_query_time_breakdown": [0.41176605224609375, 38.33904314041138, 33.30503702163696, 33.359432220458984, 32.65969371795654, 33.53294610977173, 33.39727306365967, 27.726410150527954, 19.199004411697388, 20.51888394355774, 28.541808128356934, 46.727153062820435, 19.266191244125366, 41.433411836624146, 25.900625705718994, 46.28346586227417, 59.15916585922241, 44.646931409835815, 26.36814022064209, 49.51325607299805, 51.0554780960083, 22.14371967315674, 47.74724268913269, 54.16435480117798, 65.7188012599945, 53.98034739494324], "llm_query_cost": 1.2078085, "llm_query_time": 955.0995831489563}