{"llm_query_cost_breakdown": [0, 0.023659000000000006, 0.018019999999999998, 0.019125999999999997, 0.024630999999999993, 0.026262999999999998, 0.025059499999999995, 0.026211500000000002, 0.03028700000000001, 0.031592999999999996, 0.032923000000000015, 0.034241, 0.035591, 0.0334195, 0.038243, 0.028690499999999994, 0.040919, 0.038505500000000005, 0.04375500000000001, 0.04480699999999999, 0.046409000000000006, 0.03891800000000001, 0.04900500000000002, 0.050394999999999995, 0.05179900000000002, 0.04801150000000001], "llm_query_time_breakdown": [3.5109410285949707, 44.93685173988342, 25.95037078857422, 24.353198766708374, 34.78281569480896, 30.292864561080933, 32.105549812316895, 30.390681505203247, 32.339686155319214, 32.77185368537903, 29.464649438858032, 31.19611406326294, 31.63698410987854, 26.769918203353882, 30.97332787513733, 23.87178945541382, 33.6483199596405, 28.113179683685303, 32.53881239891052, 30.9925537109375, 34.891271114349365, 24.88049626350403, 37.64435338973999, 38.771077156066895, 32.398446559906006, 38.43367290496826], "llm_query_cost": 0.880482, "llm_query_time": 797.6597800254822}