{"llm_query_cost_breakdown": [0, 0.0138595, 0.020187500000000004, 0.012549500000000002, 0.015471000000000002, 0.023783499999999996, 0.027552999999999998, 0.028789000000000006, 0.018815000000000002, 0.022554499999999998, 0.032753000000000004, 0.034335000000000004, 0.028922000000000003, 0.029987999999999997, 0.03822299999999999, 0.03958699999999998, 0.03319, 0.038307499999999994, 0.039567500000000005, 0.036442, 0.046223000000000014, 0.03872000000000001, 0.044417500000000006, 0.045569500000000006, 0.04674950000000002, 0.05301899999999999], "llm_query_time_breakdown": [3.491814136505127, 21.714481592178345, 30.42727518081665, 16.548031091690063, 24.240112781524658, 30.239014387130737, 36.13091778755188, 34.161237478256226, 20.34076952934265, 23.974246978759766, 32.45032596588135, 36.22455143928528, 26.43922519683838, 30.656311750411987, 33.38107252120972, 34.33310341835022, 25.756208896636963, 31.70337462425232, 31.345634937286377, 27.19548273086548, 36.322758436203, 30.080929040908813, 34.037700176239014, 30.559003829956055, 30.682149171829224, 47.764100074768066], "llm_query_cost": 0.8095760000000001, "llm_query_time": 760.1998331546783}