{"llm_query_cost_breakdown": [0, 0.023641000000000006, 0.018085999999999998, 0.021207500000000004, 0.024888999999999998, 0.026096999999999995, 0.027534999999999997, 0.0206645, 0.024304000000000006, 0.031603000000000006, 0.029747500000000003, 0.03103950000000001, 0.03235349999999999, 0.03702099999999999, 0.027426499999999996, 0.035927499999999994, 0.03711149999999999, 0.03844950000000001, 0.043759000000000006, 0.036573999999999995, 0.046459000000000014, 0.04780300000000002, 0.049055000000000015, 0.05045100000000001, 0.0469535, 0.053081000000000024], "llm_query_time_breakdown": [3.361379861831665, 39.69638729095459, 26.282787561416626, 29.743366479873657, 31.453367233276367, 32.51533603668213, 31.803244590759277, 22.90830135345459, 27.51546335220337, 33.39583420753479, 30.064635276794434, 27.78754210472107, 30.23790454864502, 33.187745094299316, 23.42424178123474, 28.281864166259766, 31.724040508270264, 29.43491244316101, 35.314754486083984, 26.65389895439148, 32.60716509819031, 30.618170022964478, 37.37617015838623, 38.28535747528076, 29.444149017333984, 41.64384174346924], "llm_query_cost": 0.8612390000000001, "llm_query_time": 784.7618608474731}