{"llm_query_cost_breakdown": [0, 0.025636500000000003, 0.024230000000000005, 0.025965999999999996, 0.024931999999999996, 0.02934600000000001, 0.03077800000000001, 0.032414, 0.034210000000000004, 0.035718000000000014, 0.03733399999999999, 0.035437, 0.03672400000000001, 0.042296000000000014, 0.043992, 0.045677999999999996, 0.04722600000000001, 0.044115000000000015, 0.05041, 0.05205400000000001, 0.048714, 0.044954, 0.056782000000000006, 0.05866200000000003, 0.060152, 0.061832000000000005], "llm_query_time_breakdown": [0.09674310684204102, 36.50812649726868, 29.678102493286133, 32.58262228965759, 33.85389733314514, 31.785397052764893, 31.94977879524231, 30.4663405418396, 31.093963861465454, 32.56395626068115, 30.42018723487854, 31.59752583503723, 26.813894748687744, 30.485127210617065, 31.870936393737793, 36.012234926223755, 32.80767488479614, 31.86641812324524, 32.1086220741272, 43.00726342201233, 38.5943648815155, 24.632710933685303, 45.92699646949768, 53.9668071269989, 32.22706437110901, 32.92438006401062], "llm_query_cost": 1.0295925000000001, "llm_query_time": 845.841136932373}