{"llm_query_cost_breakdown": [0, 0.025716499999999986, 0.024214000000000003, 0.026054, 0.027662000000000003, 0.029196000000000007, 0.030830000000000007, 0.032395999999999994, 0.03414400000000001, 0.03236700000000001, 0.033819999999999996, 0.039014000000000014, 0.04073399999999999, 0.042216000000000004, 0.043772000000000005, 0.04562, 0.047242000000000006, 0.04890650000000002, 0.041095999999999994, 0.047305, 0.05370600000000001, 0.05523599999999999, 0.056880000000000014, 0.05833200000000002, 0.06015399999999999, 0.061762], "llm_query_time_breakdown": [0.1146080493927002, 35.70123362541199, 32.11175227165222, 32.15703845024109, 28.600421667099, 31.990628957748413, 34.93561577796936, 31.120643377304077, 32.79071569442749, 36.18359589576721, 30.431304454803467, 34.800737619400024, 30.608440399169922, 32.86283230781555, 30.38673233985901, 32.59270215034485, 35.777512073516846, 37.303494453430176, 25.94246196746826, 41.75132179260254, 32.012908935546875, 43.642526388168335, 44.24916744232178, 30.656049489974976, 111.47985887527466, 48.202908992767334], "llm_query_cost": 1.0383750000000003, "llm_query_time": 938.4072134494781}