{"llm_query_cost_breakdown": [0, 0.0336265, 0.0255935, 0.0347365, 0.033739, 0.032267500000000005, 0.04319850000000001, 0.03200599999999999, 0.028958499999999998, 0.030540500000000005, 0.032184500000000005, 0.03385250000000001, 0.0476615, 0.0371305, 0.045388, 0.047324, 0.0852655, 0.058639500000000004, 0.08434200000000001, 0.046756500000000006, 0.06518949999999998, 0.05868400000000001, 0.05173850000000001, 0.06258000000000002, 0.064542, 0.08615900000000001], "llm_query_time_breakdown": [0.05559086799621582, 32.89518356323242, 22.521756649017334, 27.78490686416626, 29.02504253387451, 25.25719690322876, 31.843789100646973, 20.922043800354004, 18.2820565700531, 15.37746286392212, 31.43878149986267, 17.79080557823181, 43.93798089027405, 18.055559635162354, 42.53315186500549, 20.874008893966675, 87.71763277053833, 27.230899810791016, 90.6957778930664, 16.872714519500732, 57.398133277893066, 54.53955674171448, 50.06372284889221, 21.009275197982788, 57.69382119178772, 61.11868357658386], "llm_query_cost": 1.2021040000000003, "llm_query_time": 922.9355359077454}