{"llm_query_cost_breakdown": [0, 0.033666499999999995, 0.03521200000000001, 0.031197000000000003, 0.033714999999999995, 0.032175499999999996, 0.047462000000000004, 0.050600000000000006, 0.053679999999999985, 0.05663999999999999, 0.048751, 0.04556950000000001, 0.053843000000000016, 0.05633099999999999, 0.06552649999999999, 0.06823449999999999, 0.06379500000000002, 0.058591500000000005, 0.060885500000000016, 0.0630855, 0.056864, 0.07604099999999998, 0.08763850000000004, 0.0904265, 0.06447600000000002, 0.0664], "llm_query_time_breakdown": [0.0541989803314209, 39.26248550415039, 35.39665913581848, 26.740944623947144, 26.879033088684082, 21.753324508666992, 30.788482904434204, 39.90342378616333, 33.549363136291504, 43.361228942871094, 42.56105947494507, 25.48676323890686, 43.99765181541443, 47.7344925403595, 30.782835006713867, 55.74113607406616, 105.38563537597656, 50.8157684803009, 25.754586219787598, 54.943113565444946, 47.22702097892761, 58.77240514755249, 62.88936185836792, 63.71516132354736, 52.819010496139526, 56.054176807403564], "llm_query_cost": 1.400807, "llm_query_time": 1122.369323015213}