{"llm_query_cost_breakdown": [0, 0.03624650000000001, 0.044808999999999995, 0.027681000000000004, 0.03382000000000001, 0.024078999999999996, 0.025607000000000005, 0.027251000000000004, 0.043612, 0.04072699999999999, 0.03749399999999999, 0.039596000000000006, 0.035477, 0.06257900000000001, 0.04539599999999999, 0.06106600000000001, 0.04915, 0.06596800000000001, 0.060651, 0.05468400000000001, 0.073442, 0.07593200000000001, 0.07851600000000002, 0.07184700000000001, 0.074125, 0.06641999999999998], "llm_query_time_breakdown": [0.4329190254211426, 49.44182467460632, 47.93511152267456, 25.823659658432007, 30.823673248291016, 19.57720708847046, 17.896793603897095, 19.99039578437805, 30.702916860580444, 35.668965578079224, 23.778712034225464, 21.34834337234497, 41.19093370437622, 32.03068423271179, 46.283042192459106, 52.91209673881531, 48.58182144165039, 28.416423320770264, 58.440486669540405, 102.74009418487549, 60.17514109611511, 60.49156188964844, 65.08345651626587, 52.71568441390991, 59.22687911987305, 54.34182572364807], "llm_query_cost": 1.2561755, "llm_query_time": 1086.0506536960602}