{"llm_query_cost_breakdown": [0, 0.030462500000000007, 0.03194500000000001, 0.03486299999999999, 0.037579, 0.024021, 0.029998000000000004, 0.03195200000000001, 0.03876900000000001, 0.03568, 0.048596, 0.03380299999999999, 0.053759999999999995, 0.04993499999999999, 0.038671000000000004, 0.047228, 0.056245, 0.043569000000000004, 0.076267, 0.05491800000000001, 0.09017600000000002, 0.05872600000000001, 0.06963700000000002, 0.090273, 0.09304100000000001, 0.09595899999999997], "llm_query_time_breakdown": [0.42388200759887695, 35.56199359893799, 33.218998670578, 30.94037127494812, 32.60443735122681, 16.231391191482544, 19.108996868133545, 28.03532099723816, 24.263033866882324, 25.108706951141357, 26.818113327026367, 31.62631368637085, 44.96012854576111, 25.49536633491516, 40.930743932724, 23.38882851600647, 44.207536935806274, 43.451600790023804, 59.981303691864014, 22.812476634979248, 117.11479592323303, 56.81176447868347, 55.94835019111633, 78.31901144981384, 87.55218529701233, 68.92790412902832], "llm_query_cost": 1.2960734999999999, "llm_query_time": 1073.8435566425323}