{"llm_query_cost_breakdown": [0, 0.0306145, 0.019081, 0.020680999999999998, 0.02994900000000001, 0.028185999999999996, 0.030003999999999996, 0.031912, 0.038765, 0.051262999999999996, 0.032097, 0.045457000000000004, 0.035429, 0.037087, 0.045374000000000005, 0.040297, 0.041877000000000004, 0.06619000000000001, 0.052947999999999995, 0.04677100000000001, 0.06516699999999999, 0.07616000000000002, 0.060744000000000006, 0.065647, 0.06451799999999999, 0.08617399999999999], "llm_query_time_breakdown": [0.44229578971862793, 41.68663930892944, 17.01924419403076, 15.363250970840454, 23.462787866592407, 20.746006727218628, 18.819227933883667, 19.232133865356445, 35.80072093009949, 47.005260705947876, 17.3652446269989, 45.36052894592285, 16.75567865371704, 37.31695008277893, 21.983080625534058, 42.001065254211426, 17.213011503219604, 57.54022789001465, 51.485456705093384, 55.96315097808838, 54.696094274520874, 61.72841143608093, 56.24837851524353, 25.91550588607788, 50.54062247276306, 70.29467272758484], "llm_query_cost": 1.1423925, "llm_query_time": 921.9856488704681}