{"llm_query_cost_breakdown": [0, 0.025142000000000005, 0.023795, 0.0253035, 0.027109000000000005, 0.028665000000000003, 0.030175, 0.031779, 0.033560000000000006, 0.035017, 0.036842999999999994, 0.03856299999999999, 0.04017699999999999, 0.04174900000000001, 0.043599000000000006, 0.04510900000000001, 0.046771, 0.048405000000000004, 0.040693, 0.051565, 0.04814500000000001, 0.054766999999999996, 0.056333, 0.058086999999999986, 0.059620999999999987, 0.061499000000000026], "llm_query_time_breakdown": [0.2330338954925537, 45.603275299072266, 46.91212201118469, 36.702600717544556, 35.89907789230347, 33.69236731529236, 39.609553813934326, 47.96260142326355, 39.76545548439026, 35.45836520195007, 39.35379695892334, 36.963128089904785, 72.62994241714478, 38.69389271736145, 45.284151792526245, 39.1037483215332, 36.33511686325073, 34.73127365112305, 28.555116653442383, 37.28022646903992, 39.880372762680054, 32.805538177490234, 41.4829580783844, 49.03085374832153, 47.59770607948303, 36.20975708961487], "llm_query_cost": 1.0324715000000002, "llm_query_time": 1017.7760329246521}