{"llm_query_cost_breakdown": [0, 0.018992500000000002, 0.021680000000000005, 0.022758, 0.021771, 0.025454000000000004, 0.026887999999999995, 0.025677, 0.026791000000000002, 0.022099, 0.029178999999999997, 0.03352, 0.031805, 0.03279300000000001, 0.034046999999999994, 0.035343, 0.04039799999999999, 0.041775999999999994, 0.038951, 0.040059, 0.045676000000000015, 0.033839, 0.048534000000000015, 0.04985999999999999, 0.046350999999999996, 0.04763900000000001], "llm_query_time_breakdown": [1.9839301109313965, 32.342886209487915, 47.702871799468994, 34.655620098114014, 32.382938385009766, 35.506465673446655, 37.7162082195282, 34.525899171829224, 33.375927686691284, 34.09283971786499, 32.961445331573486, 34.944520711898804, 31.708375930786133, 30.14774441719055, 29.458422422409058, 38.113176107406616, 37.33339476585388, 34.22272968292236, 36.0519483089447, 33.82087826728821, 35.57547640800476, 28.72871232032776, 37.85850405693054, 36.01225519180298, 35.07622289657593, 33.95189929008484], "llm_query_cost": 0.8418804999999999, "llm_query_time": 870.251293182373}