{"llm_query_cost_breakdown": [0, 0.033564500000000004, 0.028721000000000007, 0.027817500000000002, 0.041423999999999996, 0.04441000000000002, 0.047552000000000004, 0.041223, 0.04864449999999999, 0.05656999999999999, 0.0430795, 0.06879150000000002, 0.0355165, 0.04986549999999999, 0.05214149999999999, 0.047285999999999995, 0.041980500000000004, 0.058541499999999996, 0.05296, 0.054882, 0.08202849999999999, 0.08475250000000002, 0.05183250000000001, 0.09031050000000002, 0.07414550000000002, 0.08607499999999998], "llm_query_time_breakdown": [0.07200288772583008, 33.76532602310181, 28.90944266319275, 22.07648539543152, 32.52923250198364, 36.81965756416321, 32.21586608886719, 27.584351539611816, 35.38546919822693, 34.2280433177948, 37.206117153167725, 56.54841613769531, 19.43125009536743, 42.158748149871826, 47.64468693733215, 19.489304065704346, 46.140679121017456, 22.19817066192627, 50.62568998336792, 111.81873273849487, 61.37452173233032, 66.81571865081787, 48.69955372810364, 66.9166271686554, 65.32920169830322, 63.82344365119934], "llm_query_cost": 1.3441154999999998, "llm_query_time": 1109.8067388534546}