{"llm_query_cost_breakdown": [0, 0.036506, 0.02553550000000001, 0.024294000000000003, 0.033701, 0.028168000000000006, 0.0343775, 0.050648, 0.0387355, 0.04101749999999999, 0.05965600000000001, 0.04539550000000002, 0.059910500000000005, 0.04986549999999999, 0.0788015, 0.0403185, 0.05636350000000001, 0.050954, 0.05298200000000001, 0.054832, 0.06523749999999999, 0.058709999999999984, 0.05175250000000001, 0.07183150000000002, 0.08362300000000003, 0.0565865], "llm_query_time_breakdown": [0.07403397560119629, 40.54159760475159, 22.092987298965454, 22.074645519256592, 26.628110647201538, 21.580934286117554, 26.988626956939697, 46.73822498321533, 21.635258674621582, 25.27205729484558, 50.38212037086487, 28.73175048828125, 47.39734172821045, 43.57105731964111, 64.79708671569824, 18.027665853500366, 48.18022108078003, 48.138103008270264, 108.78623914718628, 20.748083353042603, 58.59260320663452, 55.58743977546692, 49.05218839645386, 58.39105582237244, 61.960798263549805, 18.98850393295288], "llm_query_cost": 1.2498030000000002, "llm_query_time": 1034.958735704422}