{"llm_query_cost_breakdown": [0, 0.036488, 0.031878500000000004, 0.03468450000000001, 0.04129200000000001, 0.03616500000000001, 0.04734400000000001, 0.05050400000000001, 0.038653499999999986, 0.04095150000000001, 0.037610000000000005, 0.03965200000000001, 0.053779000000000014, 0.03711049999999999, 0.04549, 0.040330500000000005, 0.041980500000000004, 0.051072000000000006, 0.05312400000000001, 0.0468605, 0.07374699999999998, 0.07618299999999999, 0.07861100000000001, 0.053384500000000015, 0.0550365, 0.09592050000000002], "llm_query_time_breakdown": [0.08879494667053223, 46.12438082695007, 32.897687673568726, 30.87671184539795, 30.651468992233276, 31.456611394882202, 31.946011304855347, 34.725054025650024, 30.246018648147583, 23.42537808418274, 35.91888236999512, 19.733816146850586, 48.49490475654602, 16.935961961746216, 43.66689205169678, 17.525534629821777, 42.04961657524109, 23.35517644882202, 54.47695565223694, 44.332823514938354, 56.060670137405396, 111.20281910896301, 61.63020873069763, 18.378506898880005, 53.82051062583923, 65.69735884666443], "llm_query_cost": 1.2378525, "llm_query_time": 1005.718756198883}