{"llm_query_cost_breakdown": [0, 0.0312735, 0.032597, 0.032463500000000006, 0.038489, 0.03744850000000001, 0.035903, 0.0426035, 0.049763, 0.05257499999999998, 0.050228999999999996, 0.052783500000000004, 0.049749, 0.06393900000000001, 0.054301000000000016, 0.06938699999999999, 0.06547599999999999, 0.07500900000000002, 0.06350700000000001, 0.080799, 0.083843, 0.07838250000000001, 0.072603, 0.09197299999999999, 0.08626999999999999, 0.09771700000000001], "llm_query_time_breakdown": [3.2564988136291504, 36.72198224067688, 36.955382347106934, 46.79493474960327, 38.85000205039978, 35.63060188293457, 33.97753620147705, 34.44147205352783, 35.61158108711243, 34.85892915725708, 38.588913679122925, 43.7233510017395, 29.444620847702026, 52.27376365661621, 42.39442229270935, 37.05764198303223, 49.17918682098389, 56.52744436264038, 53.47113013267517, 60.90772581100464, 62.087157011032104, 59.473106145858765, 57.50754761695862, 75.48079061508179, 61.82852125167847, 64.4807517528534], "llm_query_cost": 1.489084, "llm_query_time": 1181.5249955654144}