{"llm_query_cost_breakdown": [0, 0.0214375, 0.013905, 0.0212795, 0.022509499999999995, 0.021276, 0.027533, 0.028853000000000004, 0.027453500000000002, 0.0285155, 0.029683499999999998, 0.031045500000000007, 0.025586500000000005, 0.026586499999999996, 0.03472549999999999, 0.032338, 0.037011499999999996, 0.042441000000000006, 0.03553400000000001, 0.040823500000000006, 0.04617300000000001, 0.04774900000000002, 0.039858, 0.050419000000000005, 0.04686949999999999, 0.05329100000000002], "llm_query_time_breakdown": [1.8337249755859375, 34.24168038368225, 20.394510746002197, 28.718695163726807, 28.61078643798828, 24.17818784713745, 30.14628291130066, 30.108245372772217, 30.45976972579956, 29.187471628189087, 28.871423721313477, 31.931690216064453, 24.182303190231323, 23.568203687667847, 28.962595224380493, 25.73449945449829, 28.447828769683838, 32.52185368537903, 25.354341506958008, 29.319799423217773, 32.82001256942749, 32.15752410888672, 30.1549289226532, 41.298179388046265, 27.32430601119995, 46.9630868434906], "llm_query_cost": 0.8328975, "llm_query_time": 747.4919319152832}