{"llm_query_cost_breakdown": [0, 0.0176865, 0.022174999999999993, 0.012515500000000002, 0.0226115, 0.021228000000000004, 0.027405000000000002, 0.028939, 0.030153000000000013, 0.0227685, 0.032883, 0.03438500000000001, 0.03553300000000001, 0.029973999999999994, 0.038451000000000006, 0.036087499999999995, 0.040921000000000006, 0.0383415, 0.043661, 0.036436, 0.042065500000000006, 0.04765300000000001, 0.039872, 0.05051100000000001, 0.042092000000000004, 0.05300500000000001], "llm_query_time_breakdown": [1.8134582042694092, 29.38085961341858, 33.17595553398132, 18.558140993118286, 29.74475073814392, 27.059540033340454, 30.709091186523438, 36.49356389045715, 31.504990577697754, 22.395658016204834, 30.00269603729248, 31.538806915283203, 30.235068559646606, 24.89782214164734, 31.20194411277771, 27.511307954788208, 29.208441734313965, 29.024107694625854, 30.87493658065796, 26.68760633468628, 30.26173686981201, 31.00480580329895, 34.40699124336243, 33.60869550704956, 32.542847633361816, 31.010811805725098], "llm_query_cost": 0.8473535, "llm_query_time": 744.8546357154846}